model,model_slug,layer,head,factual_accuracy_pct,factual_preference_pct_points,head_group
LLaVA-NeXT,llava-next,0,0,50.45871436595915,0.45871436595916004,Other
LLaVA-NeXT,llava-next,0,1,52.06421911716461,2.06421911716461,Other
LLaVA-NeXT,llava-next,0,2,48.85321259498597,-1.1467874050140299,Other
LLaVA-NeXT,llava-next,0,3,50.917431712150574,0.91743171215057,Other
LLaVA-NeXT,llava-next,0,4,50.45871436595915,0.45871436595916004,Other
LLaVA-NeXT,llava-next,0,5,49.5412826538086,-0.45871734619140003,Other
LLaVA-NeXT,llava-next,0,6,47.01834917068482,-2.98165082931518,Other
LLaVA-NeXT,llava-next,0,7,51.37614607810974,1.37614607810974,Other
LLaVA-NeXT,llava-next,0,8,51.83486342430113,1.83486342430114,Other
LLaVA-NeXT,llava-next,0,9,54.81651425361633,4.81651425361633,Other
LLaVA-NeXT,llava-next,0,10,50.45871436595915,0.45871436595916004,Other
LLaVA-NeXT,llava-next,0,11,55.504587292671204,5.5045872926712,Other
LLaVA-NeXT,llava-next,0,12,49.5412826538086,-0.45871734619140003,Other
LLaVA-NeXT,llava-next,0,13,48.85321259498597,-1.1467874050140299,Other
LLaVA-NeXT,llava-next,0,14,50.2293586730957,0.22935867309570002,Other
LLaVA-NeXT,llava-next,0,15,49.08257126808167,-0.91742873191833,Other
LLaVA-NeXT,llava-next,0,16,48.85321259498597,-1.1467874050140299,Other
LLaVA-NeXT,llava-next,0,17,47.70641922950745,-2.2935807704925497,Other
LLaVA-NeXT,llava-next,0,18,52.981650829315186,2.98165082931518,Other
LLaVA-NeXT,llava-next,0,19,52.522936463356004,2.52293646335601,Other
LLaVA-NeXT,llava-next,0,20,46.33027315139771,-3.66972684860229,Other
LLaVA-NeXT,llava-next,0,21,49.770641326904304,-0.22935867309570002,Other
LLaVA-NeXT,llava-next,0,22,56.192660331726074,6.19266033172607,Other
LLaVA-NeXT,llava-next,0,23,49.770641326904304,-0.22935867309570002,Other
LLaVA-NeXT,llava-next,0,24,50.45871436595915,0.45871436595916004,Other
LLaVA-NeXT,llava-next,0,25,54.12844121456146,4.128441214561461,Other
LLaVA-NeXT,llava-next,0,26,51.37614607810974,1.37614607810974,Other
LLaVA-NeXT,llava-next,0,27,48.85321259498597,-1.1467874050140299,Other
LLaVA-NeXT,llava-next,0,28,50.917431712150574,0.91743171215057,Other
LLaVA-NeXT,llava-next,0,29,45.41284441947937,-4.58715558052063,Other
LLaVA-NeXT,llava-next,0,30,49.311923980712905,-0.6880760192871,Other
LLaVA-NeXT,llava-next,0,31,48.85321259498597,-1.1467874050140299,Other
LLaVA-NeXT,llava-next,1,0,52.75229215621948,2.75229215621948,Other
LLaVA-NeXT,llava-next,1,1,52.06421911716461,2.06421911716461,Other
LLaVA-NeXT,llava-next,1,2,54.58715558052063,4.58715558052063,Other
LLaVA-NeXT,llava-next,1,3,54.35779690742491,4.35779690742492,Other
LLaVA-NeXT,llava-next,1,4,53.211009502410874,3.2110095024108802,Other
LLaVA-NeXT,llava-next,1,5,53.66972386837004,3.66972386837005,Other
LLaVA-NeXT,llava-next,1,6,47.24770784378052,-2.75229215621948,Other
LLaVA-NeXT,llava-next,1,7,47.70641922950745,-2.2935807704925497,Other
LLaVA-NeXT,llava-next,1,8,52.522936463356004,2.52293646335601,Other
LLaVA-NeXT,llava-next,1,9,52.293577790260315,2.29357779026031,Other
LLaVA-NeXT,llava-next,1,10,51.14679038524626,1.14679038524627,Other
LLaVA-NeXT,llava-next,1,11,48.85321259498597,-1.1467874050140299,Other
LLaVA-NeXT,llava-next,1,12,47.93577790260315,-2.0642220973968497,Other
LLaVA-NeXT,llava-next,1,13,51.605504751205444,1.6055047512054401,Other
LLaVA-NeXT,llava-next,1,14,46.788990497589126,-3.2110095024108802,Other
LLaVA-NeXT,llava-next,1,15,52.293577790260315,2.29357779026031,Other
LLaVA-NeXT,llava-next,1,16,50.68807303905487,0.68807303905487,Other
LLaVA-NeXT,llava-next,1,17,52.293577790260315,2.29357779026031,Other
LLaVA-NeXT,llava-next,1,18,46.55963182449341,-3.4403681755065896,Other
LLaVA-NeXT,llava-next,1,19,48.39449524879456,-1.6055047512054401,Other
LLaVA-NeXT,llava-next,1,20,50.2293586730957,0.22935867309570002,Other
LLaVA-NeXT,llava-next,1,21,53.66972386837004,3.66972386837005,Other
LLaVA-NeXT,llava-next,1,22,48.85321259498597,-1.1467874050140299,Other
LLaVA-NeXT,llava-next,1,23,53.899082541465745,3.8990825414657504,Other
LLaVA-NeXT,llava-next,1,24,47.01834917068482,-2.98165082931518,Other
LLaVA-NeXT,llava-next,1,25,50.45871436595915,0.45871436595916004,Other
LLaVA-NeXT,llava-next,1,26,46.55963182449341,-3.4403681755065896,Other
LLaVA-NeXT,llava-next,1,27,55.73394596576689,5.7339459657669,Other
LLaVA-NeXT,llava-next,1,28,56.880733370780945,6.88073337078094,Other
LLaVA-NeXT,llava-next,1,29,54.12844121456146,4.128441214561461,Other
LLaVA-NeXT,llava-next,1,30,49.5412826538086,-0.45871734619140003,Other
LLaVA-NeXT,llava-next,1,31,55.04587292671202,5.04587292671203,Other
LLaVA-NeXT,llava-next,2,0,54.12844121456146,4.128441214561461,Other
LLaVA-NeXT,llava-next,2,1,48.39449524879456,-1.6055047512054401,Other
LLaVA-NeXT,llava-next,2,2,49.5412826538086,-0.45871734619140003,Other
LLaVA-NeXT,llava-next,2,3,53.66972386837004,3.66972386837005,Other
LLaVA-NeXT,llava-next,2,4,48.39449524879456,-1.6055047512054401,Other
LLaVA-NeXT,llava-next,2,5,49.5412826538086,-0.45871734619140003,Other
LLaVA-NeXT,llava-next,2,6,47.477066516876235,-2.52293348312377,Other
LLaVA-NeXT,llava-next,2,7,50.45871436595915,0.45871436595916004,Other
LLaVA-NeXT,llava-next,2,8,54.58715558052063,4.58715558052063,Other
LLaVA-NeXT,llava-next,2,9,50.917431712150574,0.91743171215057,Other
LLaVA-NeXT,llava-next,2,10,51.37614607810974,1.37614607810974,Other
LLaVA-NeXT,llava-next,2,11,50.68807303905487,0.68807303905487,Other
LLaVA-NeXT,llava-next,2,12,50.45871436595915,0.45871436595916004,Other
LLaVA-NeXT,llava-next,2,13,52.522936463356004,2.52293646335601,Other
LLaVA-NeXT,llava-next,2,14,50.917431712150574,0.91743171215057,Other
LLaVA-NeXT,llava-next,2,15,50.917431712150574,0.91743171215057,Other
LLaVA-NeXT,llava-next,2,16,51.83486342430113,1.83486342430114,Other
LLaVA-NeXT,llava-next,2,17,53.66972386837004,3.66972386837005,Other
LLaVA-NeXT,llava-next,2,18,49.311923980712905,-0.6880760192871,Other
LLaVA-NeXT,llava-next,2,19,49.311923980712905,-0.6880760192871,Other
LLaVA-NeXT,llava-next,2,20,48.39449524879456,-1.6055047512054401,Other
LLaVA-NeXT,llava-next,2,21,48.16513657569886,-1.83486342430114,Other
LLaVA-NeXT,llava-next,2,22,48.16513657569886,-1.83486342430114,Other
LLaVA-NeXT,llava-next,2,23,50.0,-0.0,Other
LLaVA-NeXT,llava-next,2,24,48.62385392189026,-1.37614607810974,Other
LLaVA-NeXT,llava-next,2,25,55.504587292671204,5.5045872926712,Other
LLaVA-NeXT,llava-next,2,26,52.06421911716461,2.06421911716461,Other
LLaVA-NeXT,llava-next,2,27,53.66972386837004,3.66972386837005,Other
LLaVA-NeXT,llava-next,2,28,53.44036817550659,3.4403681755065896,Other
LLaVA-NeXT,llava-next,2,29,46.33027315139771,-3.66972684860229,Other
LLaVA-NeXT,llava-next,2,30,52.522936463356004,2.52293646335601,Other
LLaVA-NeXT,llava-next,2,31,51.14679038524626,1.14679038524627,Other
LLaVA-NeXT,llava-next,3,0,50.2293586730957,0.22935867309570002,Other
LLaVA-NeXT,llava-next,3,1,50.917431712150574,0.91743171215057,Other
LLaVA-NeXT,llava-next,3,2,47.70641922950745,-2.2935807704925497,Other
LLaVA-NeXT,llava-next,3,3,50.45871436595915,0.45871436595916004,Other
LLaVA-NeXT,llava-next,3,4,49.08257126808167,-0.91742873191833,Other
LLaVA-NeXT,llava-next,3,5,49.770641326904304,-0.22935867309570002,Other
LLaVA-NeXT,llava-next,3,6,50.917431712150574,0.91743171215057,Other
LLaVA-NeXT,llava-next,3,7,46.100914478302016,-3.8990855216979896,Other
LLaVA-NeXT,llava-next,3,8,58.71559679508209,8.715596795082089,Other
LLaVA-NeXT,llava-next,3,9,52.06421911716461,2.06421911716461,Other
LLaVA-NeXT,llava-next,3,10,49.08257126808167,-0.91742873191833,Other
LLaVA-NeXT,llava-next,3,11,53.211009502410874,3.2110095024108802,Other
LLaVA-NeXT,llava-next,3,12,53.211009502410874,3.2110095024108802,Other
LLaVA-NeXT,llava-next,3,13,52.06421911716461,2.06421911716461,Other
LLaVA-NeXT,llava-next,3,14,50.68807303905487,0.68807303905487,Other
LLaVA-NeXT,llava-next,3,15,52.522936463356004,2.52293646335601,Other
LLaVA-NeXT,llava-next,3,16,46.33027315139771,-3.66972684860229,Other
LLaVA-NeXT,llava-next,3,17,51.14679038524626,1.14679038524627,Other
LLaVA-NeXT,llava-next,3,18,59.86238420009613,9.86238420009613,Factual
LLaVA-NeXT,llava-next,3,19,49.770641326904304,-0.22935867309570002,Other
LLaVA-NeXT,llava-next,3,20,54.35779690742491,4.35779690742492,Other
LLaVA-NeXT,llava-next,3,21,53.211009502410874,3.2110095024108802,Other
LLaVA-NeXT,llava-next,3,22,53.211009502410874,3.2110095024108802,Other
LLaVA-NeXT,llava-next,3,23,50.0,-0.0,Other
LLaVA-NeXT,llava-next,3,24,53.899082541465745,3.8990825414657504,Other
LLaVA-NeXT,llava-next,3,25,51.14679038524626,1.14679038524627,Other
LLaVA-NeXT,llava-next,3,26,49.770641326904304,-0.22935867309570002,Other
LLaVA-NeXT,llava-next,3,27,50.45871436595915,0.45871436595916004,Other
LLaVA-NeXT,llava-next,3,28,53.211009502410874,3.2110095024108802,Other
LLaVA-NeXT,llava-next,3,29,50.917431712150574,0.91743171215057,Other
LLaVA-NeXT,llava-next,3,30,50.68807303905487,0.68807303905487,Other
LLaVA-NeXT,llava-next,3,31,51.605504751205444,1.6055047512054401,Other
LLaVA-NeXT,llava-next,4,0,46.100914478302016,-3.8990855216979896,Other
LLaVA-NeXT,llava-next,4,1,55.504587292671204,5.5045872926712,Other
LLaVA-NeXT,llava-next,4,2,53.44036817550659,3.4403681755065896,Other
LLaVA-NeXT,llava-next,4,3,53.211009502410874,3.2110095024108802,Other
LLaVA-NeXT,llava-next,4,4,52.981650829315186,2.98165082931518,Other
LLaVA-NeXT,llava-next,4,5,49.5412826538086,-0.45871734619140003,Other
LLaVA-NeXT,llava-next,4,6,53.44036817550659,3.4403681755065896,Other
LLaVA-NeXT,llava-next,4,7,44.03669834136963,-5.963301658630369,Other
LLaVA-NeXT,llava-next,4,8,49.770641326904304,-0.22935867309570002,Other
LLaVA-NeXT,llava-next,4,9,47.24770784378052,-2.75229215621948,Other
LLaVA-NeXT,llava-next,4,10,54.81651425361633,4.81651425361633,Other
LLaVA-NeXT,llava-next,4,11,51.14679038524626,1.14679038524627,Other
LLaVA-NeXT,llava-next,4,12,50.917431712150574,0.91743171215057,Other
LLaVA-NeXT,llava-next,4,13,51.83486342430113,1.83486342430114,Other
LLaVA-NeXT,llava-next,4,14,48.62385392189026,-1.37614607810974,Other
LLaVA-NeXT,llava-next,4,15,45.18348574638367,-4.81651425361633,Other
LLaVA-NeXT,llava-next,4,16,48.62385392189026,-1.37614607810974,Other
LLaVA-NeXT,llava-next,4,17,49.311923980712905,-0.6880760192871,Other
LLaVA-NeXT,llava-next,4,18,50.45871436595915,0.45871436595916004,Other
LLaVA-NeXT,llava-next,4,19,47.24770784378052,-2.75229215621948,Other
LLaVA-NeXT,llava-next,4,20,51.83486342430113,1.83486342430114,Other
LLaVA-NeXT,llava-next,4,21,46.788990497589126,-3.2110095024108802,Other
LLaVA-NeXT,llava-next,4,22,51.83486342430113,1.83486342430114,Other
LLaVA-NeXT,llava-next,4,23,49.770641326904304,-0.22935867309570002,Other
LLaVA-NeXT,llava-next,4,24,49.770641326904304,-0.22935867309570002,Other
LLaVA-NeXT,llava-next,4,25,49.311923980712905,-0.6880760192871,Other
LLaVA-NeXT,llava-next,4,26,53.66972386837004,3.66972386837005,Other
LLaVA-NeXT,llava-next,4,27,47.477066516876235,-2.52293348312377,Other
LLaVA-NeXT,llava-next,4,28,48.85321259498597,-1.1467874050140299,Other
LLaVA-NeXT,llava-next,4,29,50.68807303905487,0.68807303905487,Other
LLaVA-NeXT,llava-next,4,30,50.917431712150574,0.91743171215057,Other
LLaVA-NeXT,llava-next,4,31,51.37614607810974,1.37614607810974,Other
LLaVA-NeXT,llava-next,5,0,50.45871436595915,0.45871436595916004,Other
LLaVA-NeXT,llava-next,5,1,52.981650829315186,2.98165082931518,Other
LLaVA-NeXT,llava-next,5,2,47.93577790260315,-2.0642220973968497,Other
LLaVA-NeXT,llava-next,5,3,53.211009502410874,3.2110095024108802,Other
LLaVA-NeXT,llava-next,5,4,48.62385392189026,-1.37614607810974,Other
LLaVA-NeXT,llava-next,5,5,51.14679038524626,1.14679038524627,Other
LLaVA-NeXT,llava-next,5,6,52.293577790260315,2.29357779026031,Other
LLaVA-NeXT,llava-next,5,7,48.62385392189026,-1.37614607810974,Other
LLaVA-NeXT,llava-next,5,8,50.2293586730957,0.22935867309570002,Other
LLaVA-NeXT,llava-next,5,9,49.770641326904304,-0.22935867309570002,Other
LLaVA-NeXT,llava-next,5,10,55.04587292671202,5.04587292671203,Other
LLaVA-NeXT,llava-next,5,11,46.33027315139771,-3.66972684860229,Other
LLaVA-NeXT,llava-next,5,12,39.90825414657593,-10.091745853424069,Other
LLaVA-NeXT,llava-next,5,13,53.66972386837004,3.66972386837005,Other
LLaVA-NeXT,llava-next,5,14,50.68807303905487,0.68807303905487,Other
LLaVA-NeXT,llava-next,5,15,50.0,-0.0,Other
LLaVA-NeXT,llava-next,5,16,52.75229215621948,2.75229215621948,Other
LLaVA-NeXT,llava-next,5,17,53.899082541465745,3.8990825414657504,Other
LLaVA-NeXT,llava-next,5,18,51.37614607810974,1.37614607810974,Other
LLaVA-NeXT,llava-next,5,19,49.08257126808167,-0.91742873191833,Other
LLaVA-NeXT,llava-next,5,20,54.81651425361633,4.81651425361633,Other
LLaVA-NeXT,llava-next,5,21,47.24770784378052,-2.75229215621948,Other
LLaVA-NeXT,llava-next,5,22,53.899082541465745,3.8990825414657504,Other
LLaVA-NeXT,llava-next,5,23,52.75229215621948,2.75229215621948,Other
LLaVA-NeXT,llava-next,5,24,48.39449524879456,-1.6055047512054401,Other
LLaVA-NeXT,llava-next,5,25,51.37614607810974,1.37614607810974,Other
LLaVA-NeXT,llava-next,5,26,44.724768400192275,-5.27523159980773,Other
LLaVA-NeXT,llava-next,5,27,48.16513657569886,-1.83486342430114,Other
LLaVA-NeXT,llava-next,5,28,49.770641326904304,-0.22935867309570002,Other
LLaVA-NeXT,llava-next,5,29,47.70641922950745,-2.2935807704925497,Other
LLaVA-NeXT,llava-next,5,30,51.14679038524626,1.14679038524627,Other
LLaVA-NeXT,llava-next,5,31,51.605504751205444,1.6055047512054401,Other
LLaVA-NeXT,llava-next,6,0,51.14679038524626,1.14679038524627,Other
LLaVA-NeXT,llava-next,6,1,50.45871436595915,0.45871436595916004,Other
LLaVA-NeXT,llava-next,6,2,48.16513657569886,-1.83486342430114,Other
LLaVA-NeXT,llava-next,6,3,48.39449524879456,-1.6055047512054401,Other
LLaVA-NeXT,llava-next,6,4,50.0,-0.0,Other
LLaVA-NeXT,llava-next,6,5,49.311923980712905,-0.6880760192871,Other
LLaVA-NeXT,llava-next,6,6,54.81651425361633,4.81651425361633,Other
LLaVA-NeXT,llava-next,6,7,52.293577790260315,2.29357779026031,Other
LLaVA-NeXT,llava-next,6,8,55.04587292671202,5.04587292671203,Other
LLaVA-NeXT,llava-next,6,9,50.68807303905487,0.68807303905487,Other
LLaVA-NeXT,llava-next,6,10,50.45871436595915,0.45871436595916004,Other
LLaVA-NeXT,llava-next,6,11,49.5412826538086,-0.45871734619140003,Other
LLaVA-NeXT,llava-next,6,12,53.211009502410874,3.2110095024108802,Other
LLaVA-NeXT,llava-next,6,13,51.14679038524626,1.14679038524627,Other
LLaVA-NeXT,llava-next,6,14,50.2293586730957,0.22935867309570002,Other
LLaVA-NeXT,llava-next,6,15,49.5412826538086,-0.45871734619140003,Other
LLaVA-NeXT,llava-next,6,16,47.93577790260315,-2.0642220973968497,Other
LLaVA-NeXT,llava-next,6,17,50.0,-0.0,Other
LLaVA-NeXT,llava-next,6,18,51.83486342430113,1.83486342430114,Other
LLaVA-NeXT,llava-next,6,19,46.100914478302016,-3.8990855216979896,Other
LLaVA-NeXT,llava-next,6,20,52.981650829315186,2.98165082931518,Other
LLaVA-NeXT,llava-next,6,21,54.12844121456146,4.128441214561461,Other
LLaVA-NeXT,llava-next,6,22,50.917431712150574,0.91743171215057,Other
LLaVA-NeXT,llava-next,6,23,54.81651425361633,4.81651425361633,Other
LLaVA-NeXT,llava-next,6,24,52.06421911716461,2.06421911716461,Other
LLaVA-NeXT,llava-next,6,25,48.85321259498597,-1.1467874050140299,Other
LLaVA-NeXT,llava-next,6,26,47.70641922950745,-2.2935807704925497,Other
LLaVA-NeXT,llava-next,6,27,48.39449524879456,-1.6055047512054401,Other
LLaVA-NeXT,llava-next,6,28,45.64220309257508,-4.35779690742492,Other
LLaVA-NeXT,llava-next,6,29,53.44036817550659,3.4403681755065896,Other
LLaVA-NeXT,llava-next,6,30,41.284406185150154,-8.71559381484985,Other
LLaVA-NeXT,llava-next,6,31,54.35779690742491,4.35779690742492,Other
LLaVA-NeXT,llava-next,7,0,46.55963182449341,-3.4403681755065896,Other
LLaVA-NeXT,llava-next,7,1,53.44036817550659,3.4403681755065896,Other
LLaVA-NeXT,llava-next,7,2,51.605504751205444,1.6055047512054401,Other
LLaVA-NeXT,llava-next,7,3,52.293577790260315,2.29357779026031,Other
LLaVA-NeXT,llava-next,7,4,47.24770784378052,-2.75229215621948,Other
LLaVA-NeXT,llava-next,7,5,44.03669834136963,-5.963301658630369,Other
LLaVA-NeXT,llava-next,7,6,49.08257126808167,-0.91742873191833,Other
LLaVA-NeXT,llava-next,7,7,49.08257126808167,-0.91742873191833,Other
LLaVA-NeXT,llava-next,7,8,55.2752286195755,5.2752286195755,Other
LLaVA-NeXT,llava-next,7,9,45.64220309257508,-4.35779690742492,Other
LLaVA-NeXT,llava-next,7,10,48.62385392189026,-1.37614607810974,Other
LLaVA-NeXT,llava-next,7,11,53.44036817550659,3.4403681755065896,Other
LLaVA-NeXT,llava-next,7,12,44.49541568756104,-5.50458431243896,Other
LLaVA-NeXT,llava-next,7,13,50.45871436595915,0.45871436595916004,Other
LLaVA-NeXT,llava-next,7,14,51.83486342430113,1.83486342430114,Other
LLaVA-NeXT,llava-next,7,15,51.14679038524626,1.14679038524627,Other
LLaVA-NeXT,llava-next,7,16,47.24770784378052,-2.75229215621948,Other
LLaVA-NeXT,llava-next,7,17,52.75229215621948,2.75229215621948,Other
LLaVA-NeXT,llava-next,7,18,50.68807303905487,0.68807303905487,Other
LLaVA-NeXT,llava-next,7,19,49.311923980712905,-0.6880760192871,Other
LLaVA-NeXT,llava-next,7,20,49.5412826538086,-0.45871734619140003,Other
LLaVA-NeXT,llava-next,7,21,45.41284441947937,-4.58715558052063,Other
LLaVA-NeXT,llava-next,7,22,50.45871436595915,0.45871436595916004,Other
LLaVA-NeXT,llava-next,7,23,50.2293586730957,0.22935867309570002,Other
LLaVA-NeXT,llava-next,7,24,48.85321259498597,-1.1467874050140299,Other
LLaVA-NeXT,llava-next,7,25,50.0,-0.0,Other
LLaVA-NeXT,llava-next,7,26,50.917431712150574,0.91743171215057,Other
LLaVA-NeXT,llava-next,7,27,58.256879448890686,8.25687944889068,Other
LLaVA-NeXT,llava-next,7,28,52.522936463356004,2.52293646335601,Other
LLaVA-NeXT,llava-next,7,29,43.57798099517823,-6.42201900482177,Other
LLaVA-NeXT,llava-next,7,30,49.5412826538086,-0.45871734619140003,Other
LLaVA-NeXT,llava-next,7,31,52.981650829315186,2.98165082931518,Other
LLaVA-NeXT,llava-next,8,0,50.917431712150574,0.91743171215057,Other
LLaVA-NeXT,llava-next,8,1,52.981650829315186,2.98165082931518,Other
LLaVA-NeXT,llava-next,8,2,46.788990497589126,-3.2110095024108802,Other
LLaVA-NeXT,llava-next,8,3,51.605504751205444,1.6055047512054401,Other
LLaVA-NeXT,llava-next,8,4,48.85321259498597,-1.1467874050140299,Other
LLaVA-NeXT,llava-next,8,5,45.18348574638367,-4.81651425361633,Other
LLaVA-NeXT,llava-next,8,6,50.45871436595915,0.45871436595916004,Other
LLaVA-NeXT,llava-next,8,7,50.45871436595915,0.45871436595916004,Other
LLaVA-NeXT,llava-next,8,8,49.770641326904304,-0.22935867309570002,Other
LLaVA-NeXT,llava-next,8,9,51.37614607810974,1.37614607810974,Other
LLaVA-NeXT,llava-next,8,10,51.83486342430113,1.83486342430114,Other
LLaVA-NeXT,llava-next,8,11,49.08257126808167,-0.91742873191833,Other
LLaVA-NeXT,llava-next,8,12,54.12844121456146,4.128441214561461,Other
LLaVA-NeXT,llava-next,8,13,50.68807303905487,0.68807303905487,Other
LLaVA-NeXT,llava-next,8,14,53.211009502410874,3.2110095024108802,Other
LLaVA-NeXT,llava-next,8,15,50.917431712150574,0.91743171215057,Other
LLaVA-NeXT,llava-next,8,16,47.477066516876235,-2.52293348312377,Other
LLaVA-NeXT,llava-next,8,17,57.798165082931504,7.798165082931511,Other
LLaVA-NeXT,llava-next,8,18,49.5412826538086,-0.45871734619140003,Other
LLaVA-NeXT,llava-next,8,19,49.311923980712905,-0.6880760192871,Other
LLaVA-NeXT,llava-next,8,20,48.16513657569886,-1.83486342430114,Other
LLaVA-NeXT,llava-next,8,21,46.788990497589126,-3.2110095024108802,Other
LLaVA-NeXT,llava-next,8,22,49.770641326904304,-0.22935867309570002,Other
LLaVA-NeXT,llava-next,8,23,50.68807303905487,0.68807303905487,Other
LLaVA-NeXT,llava-next,8,24,47.01834917068482,-2.98165082931518,Other
LLaVA-NeXT,llava-next,8,25,48.85321259498597,-1.1467874050140299,Other
LLaVA-NeXT,llava-next,8,26,46.788990497589126,-3.2110095024108802,Other
LLaVA-NeXT,llava-next,8,27,48.16513657569886,-1.83486342430114,Other
LLaVA-NeXT,llava-next,8,28,51.83486342430113,1.83486342430114,Other
LLaVA-NeXT,llava-next,8,29,48.39449524879456,-1.6055047512054401,Other
LLaVA-NeXT,llava-next,8,30,45.87156176567078,-4.12843823432922,Other
LLaVA-NeXT,llava-next,8,31,49.08257126808167,-0.91742873191833,Other
LLaVA-NeXT,llava-next,9,0,51.83486342430113,1.83486342430114,Other
LLaVA-NeXT,llava-next,9,1,49.770641326904304,-0.22935867309570002,Other
LLaVA-NeXT,llava-next,9,2,50.917431712150574,0.91743171215057,Other
LLaVA-NeXT,llava-next,9,3,48.39449524879456,-1.6055047512054401,Other
LLaVA-NeXT,llava-next,9,4,50.45871436595915,0.45871436595916004,Other
LLaVA-NeXT,llava-next,9,5,46.788990497589126,-3.2110095024108802,Other
LLaVA-NeXT,llava-next,9,6,52.981650829315186,2.98165082931518,Other
LLaVA-NeXT,llava-next,9,7,46.55963182449341,-3.4403681755065896,Other
LLaVA-NeXT,llava-next,9,8,47.24770784378052,-2.75229215621948,Other
LLaVA-NeXT,llava-next,9,9,46.788990497589126,-3.2110095024108802,Other
LLaVA-NeXT,llava-next,9,10,54.81651425361633,4.81651425361633,Other
LLaVA-NeXT,llava-next,9,11,52.293577790260315,2.29357779026031,Other
LLaVA-NeXT,llava-next,9,12,46.33027315139771,-3.66972684860229,Other
LLaVA-NeXT,llava-next,9,13,49.08257126808167,-0.91742873191833,Other
LLaVA-NeXT,llava-next,9,14,50.0,-0.0,Other
LLaVA-NeXT,llava-next,9,15,51.14679038524626,1.14679038524627,Other
LLaVA-NeXT,llava-next,9,16,47.93577790260315,-2.0642220973968497,Other
LLaVA-NeXT,llava-next,9,17,54.12844121456146,4.128441214561461,Other
LLaVA-NeXT,llava-next,9,18,51.83486342430113,1.83486342430114,Other
LLaVA-NeXT,llava-next,9,19,43.11926364898682,-6.880736351013179,Other
LLaVA-NeXT,llava-next,9,20,51.605504751205444,1.6055047512054401,Other
LLaVA-NeXT,llava-next,9,21,52.981650829315186,2.98165082931518,Other
LLaVA-NeXT,llava-next,9,22,49.770641326904304,-0.22935867309570002,Other
LLaVA-NeXT,llava-next,9,23,54.58715558052063,4.58715558052063,Other
LLaVA-NeXT,llava-next,9,24,45.64220309257508,-4.35779690742492,Other
LLaVA-NeXT,llava-next,9,25,50.0,-0.0,Other
LLaVA-NeXT,llava-next,9,26,49.770641326904304,-0.22935867309570002,Other
LLaVA-NeXT,llava-next,9,27,53.66972386837004,3.66972386837005,Other
LLaVA-NeXT,llava-next,9,28,49.311923980712905,-0.6880760192871,Other
LLaVA-NeXT,llava-next,9,29,50.45871436595915,0.45871436595916004,Other
LLaVA-NeXT,llava-next,9,30,52.75229215621948,2.75229215621948,Other
LLaVA-NeXT,llava-next,9,31,49.770641326904304,-0.22935867309570002,Other
LLaVA-NeXT,llava-next,10,0,45.18348574638367,-4.81651425361633,Other
LLaVA-NeXT,llava-next,10,1,49.5412826538086,-0.45871734619140003,Other
LLaVA-NeXT,llava-next,10,2,59.40366983413696,9.40366983413696,Other
LLaVA-NeXT,llava-next,10,3,48.39449524879456,-1.6055047512054401,Other
LLaVA-NeXT,llava-next,10,4,52.981650829315186,2.98165082931518,Other
LLaVA-NeXT,llava-next,10,5,47.477066516876235,-2.52293348312377,Other
LLaVA-NeXT,llava-next,10,6,48.62385392189026,-1.37614607810974,Other
LLaVA-NeXT,llava-next,10,7,52.293577790260315,2.29357779026031,Other
LLaVA-NeXT,llava-next,10,8,53.211009502410874,3.2110095024108802,Other
LLaVA-NeXT,llava-next,10,9,44.49541568756104,-5.50458431243896,Other
LLaVA-NeXT,llava-next,10,10,56.880733370780945,6.88073337078094,Other
LLaVA-NeXT,llava-next,10,11,52.06421911716461,2.06421911716461,Other
LLaVA-NeXT,llava-next,10,12,51.605504751205444,1.6055047512054401,Other
LLaVA-NeXT,llava-next,10,13,49.311923980712905,-0.6880760192871,Other
LLaVA-NeXT,llava-next,10,14,54.81651425361633,4.81651425361633,Other
LLaVA-NeXT,llava-next,10,15,49.770641326904304,-0.22935867309570002,Other
LLaVA-NeXT,llava-next,10,16,46.100914478302016,-3.8990855216979896,Other
LLaVA-NeXT,llava-next,10,17,45.87156176567078,-4.12843823432922,Other
LLaVA-NeXT,llava-next,10,18,46.33027315139771,-3.66972684860229,Other
LLaVA-NeXT,llava-next,10,19,45.64220309257508,-4.35779690742492,Other
LLaVA-NeXT,llava-next,10,20,48.85321259498597,-1.1467874050140299,Other
LLaVA-NeXT,llava-next,10,21,50.0,-0.0,Other
LLaVA-NeXT,llava-next,10,22,54.81651425361633,4.81651425361633,Other
LLaVA-NeXT,llava-next,10,23,52.06421911716461,2.06421911716461,Other
LLaVA-NeXT,llava-next,10,24,50.45871436595915,0.45871436595916004,Other
LLaVA-NeXT,llava-next,10,25,49.5412826538086,-0.45871734619140003,Other
LLaVA-NeXT,llava-next,10,26,50.0,-0.0,Other
LLaVA-NeXT,llava-next,10,27,50.68807303905487,0.68807303905487,Other
LLaVA-NeXT,llava-next,10,28,51.83486342430113,1.83486342430114,Other
LLaVA-NeXT,llava-next,10,29,47.477066516876235,-2.52293348312377,Other
LLaVA-NeXT,llava-next,10,30,55.504587292671204,5.5045872926712,Other
LLaVA-NeXT,llava-next,10,31,50.0,-0.0,Other
LLaVA-NeXT,llava-next,11,0,50.45871436595915,0.45871436595916004,Other
LLaVA-NeXT,llava-next,11,1,46.55963182449341,-3.4403681755065896,Other
LLaVA-NeXT,llava-next,11,2,48.16513657569886,-1.83486342430114,Other
LLaVA-NeXT,llava-next,11,3,54.12844121456146,4.128441214561461,Other
LLaVA-NeXT,llava-next,11,4,46.100914478302016,-3.8990855216979896,Other
LLaVA-NeXT,llava-next,11,5,53.44036817550659,3.4403681755065896,Other
LLaVA-NeXT,llava-next,11,6,52.522936463356004,2.52293646335601,Other
LLaVA-NeXT,llava-next,11,7,50.917431712150574,0.91743171215057,Other
LLaVA-NeXT,llava-next,11,8,45.18348574638367,-4.81651425361633,Other
LLaVA-NeXT,llava-next,11,9,52.06421911716461,2.06421911716461,Other
LLaVA-NeXT,llava-next,11,10,47.93577790260315,-2.0642220973968497,Other
LLaVA-NeXT,llava-next,11,11,42.43119359016419,-7.56880640983581,Other
LLaVA-NeXT,llava-next,11,12,52.981650829315186,2.98165082931518,Other
LLaVA-NeXT,llava-next,11,13,50.68807303905487,0.68807303905487,Other
LLaVA-NeXT,llava-next,11,14,50.68807303905487,0.68807303905487,Other
LLaVA-NeXT,llava-next,11,15,49.08257126808167,-0.91742873191833,Other
LLaVA-NeXT,llava-next,11,16,54.58715558052063,4.58715558052063,Other
LLaVA-NeXT,llava-next,11,17,53.211009502410874,3.2110095024108802,Other
LLaVA-NeXT,llava-next,11,18,50.2293586730957,0.22935867309570002,Other
LLaVA-NeXT,llava-next,11,19,50.0,-0.0,Other
LLaVA-NeXT,llava-next,11,20,50.2293586730957,0.22935867309570002,Other
LLaVA-NeXT,llava-next,11,21,50.917431712150574,0.91743171215057,Other
LLaVA-NeXT,llava-next,11,22,46.788990497589126,-3.2110095024108802,Other
LLaVA-NeXT,llava-next,11,23,55.04587292671202,5.04587292671203,Other
LLaVA-NeXT,llava-next,11,24,47.477066516876235,-2.52293348312377,Other
LLaVA-NeXT,llava-next,11,25,55.2752286195755,5.2752286195755,Other
LLaVA-NeXT,llava-next,11,26,45.41284441947937,-4.58715558052063,Other
LLaVA-NeXT,llava-next,11,27,51.14679038524626,1.14679038524627,Other
LLaVA-NeXT,llava-next,11,28,49.770641326904304,-0.22935867309570002,Other
LLaVA-NeXT,llava-next,11,29,41.05504751205445,-8.94495248794555,Other
LLaVA-NeXT,llava-next,11,30,54.35779690742491,4.35779690742492,Other
LLaVA-NeXT,llava-next,11,31,52.293577790260315,2.29357779026031,Other
LLaVA-NeXT,llava-next,12,0,54.12844121456146,4.128441214561461,Other
LLaVA-NeXT,llava-next,12,1,47.70641922950745,-2.2935807704925497,Other
LLaVA-NeXT,llava-next,12,2,52.75229215621948,2.75229215621948,Other
LLaVA-NeXT,llava-next,12,3,45.41284441947937,-4.58715558052063,Other
LLaVA-NeXT,llava-next,12,4,47.01834917068482,-2.98165082931518,Other
LLaVA-NeXT,llava-next,12,5,55.2752286195755,5.2752286195755,Other
LLaVA-NeXT,llava-next,12,6,52.522936463356004,2.52293646335601,Other
LLaVA-NeXT,llava-next,12,7,49.08257126808167,-0.91742873191833,Other
LLaVA-NeXT,llava-next,12,8,51.605504751205444,1.6055047512054401,Other
LLaVA-NeXT,llava-next,12,9,48.62385392189026,-1.37614607810974,Other
LLaVA-NeXT,llava-next,12,10,56.42201900482176,6.42201900482177,Other
LLaVA-NeXT,llava-next,12,11,48.39449524879456,-1.6055047512054401,Other
LLaVA-NeXT,llava-next,12,12,52.293577790260315,2.29357779026031,Other
LLaVA-NeXT,llava-next,12,13,53.66972386837004,3.66972386837005,Other
LLaVA-NeXT,llava-next,12,14,50.0,-0.0,Other
LLaVA-NeXT,llava-next,12,15,50.0,-0.0,Other
LLaVA-NeXT,llava-next,12,16,56.192660331726074,6.19266033172607,Other
LLaVA-NeXT,llava-next,12,17,52.522936463356004,2.52293646335601,Other
LLaVA-NeXT,llava-next,12,18,47.01834917068482,-2.98165082931518,Other
LLaVA-NeXT,llava-next,12,19,49.311923980712905,-0.6880760192871,Other
LLaVA-NeXT,llava-next,12,20,54.12844121456146,4.128441214561461,Other
LLaVA-NeXT,llava-next,12,21,50.68807303905487,0.68807303905487,Other
LLaVA-NeXT,llava-next,12,22,56.192660331726074,6.19266033172607,Other
LLaVA-NeXT,llava-next,12,23,48.39449524879456,-1.6055047512054401,Other
LLaVA-NeXT,llava-next,12,24,50.45871436595915,0.45871436595916004,Other
LLaVA-NeXT,llava-next,12,25,54.58715558052063,4.58715558052063,Other
LLaVA-NeXT,llava-next,12,26,55.73394596576689,5.7339459657669,Other
LLaVA-NeXT,llava-next,12,27,48.16513657569886,-1.83486342430114,Other
LLaVA-NeXT,llava-next,12,28,52.293577790260315,2.29357779026031,Other
LLaVA-NeXT,llava-next,12,29,46.33027315139771,-3.66972684860229,Other
LLaVA-NeXT,llava-next,12,30,46.33027315139771,-3.66972684860229,Other
LLaVA-NeXT,llava-next,12,31,55.2752286195755,5.2752286195755,Other
LLaVA-NeXT,llava-next,13,0,54.12844121456146,4.128441214561461,Other
LLaVA-NeXT,llava-next,13,1,54.81651425361633,4.81651425361633,Other
LLaVA-NeXT,llava-next,13,2,47.93577790260315,-2.0642220973968497,Other
LLaVA-NeXT,llava-next,13,3,48.39449524879456,-1.6055047512054401,Other
LLaVA-NeXT,llava-next,13,4,52.981650829315186,2.98165082931518,Other
LLaVA-NeXT,llava-next,13,5,48.85321259498597,-1.1467874050140299,Other
LLaVA-NeXT,llava-next,13,6,47.70641922950745,-2.2935807704925497,Other
LLaVA-NeXT,llava-next,13,7,53.211009502410874,3.2110095024108802,Other
LLaVA-NeXT,llava-next,13,8,52.06421911716461,2.06421911716461,Other
LLaVA-NeXT,llava-next,13,9,42.201834917068496,-7.798165082931511,Other
LLaVA-NeXT,llava-next,13,10,51.83486342430113,1.83486342430114,Other
LLaVA-NeXT,llava-next,13,11,51.605504751205444,1.6055047512054401,Other
LLaVA-NeXT,llava-next,13,12,52.981650829315186,2.98165082931518,Other
LLaVA-NeXT,llava-next,13,13,51.83486342430113,1.83486342430114,Other
LLaVA-NeXT,llava-next,13,14,52.75229215621948,2.75229215621948,Other
LLaVA-NeXT,llava-next,13,15,51.37614607810974,1.37614607810974,Other
LLaVA-NeXT,llava-next,13,16,54.12844121456146,4.128441214561461,Other
LLaVA-NeXT,llava-next,13,17,46.100914478302016,-3.8990855216979896,Other
LLaVA-NeXT,llava-next,13,18,50.0,-0.0,Other
LLaVA-NeXT,llava-next,13,19,42.43119359016419,-7.56880640983581,Other
LLaVA-NeXT,llava-next,13,20,50.917431712150574,0.91743171215057,Other
LLaVA-NeXT,llava-next,13,21,53.66972386837004,3.66972386837005,Other
LLaVA-NeXT,llava-next,13,22,46.33027315139771,-3.66972684860229,Other
LLaVA-NeXT,llava-next,13,23,47.70641922950745,-2.2935807704925497,Other
LLaVA-NeXT,llava-next,13,24,48.16513657569886,-1.83486342430114,Other
LLaVA-NeXT,llava-next,13,25,51.37614607810974,1.37614607810974,Other
LLaVA-NeXT,llava-next,13,26,51.605504751205444,1.6055047512054401,Other
LLaVA-NeXT,llava-next,13,27,51.14679038524626,1.14679038524627,Other
LLaVA-NeXT,llava-next,13,28,47.477066516876235,-2.52293348312377,Other
LLaVA-NeXT,llava-next,13,29,52.06421911716461,2.06421911716461,Other
LLaVA-NeXT,llava-next,13,30,48.16513657569886,-1.83486342430114,Other
LLaVA-NeXT,llava-next,13,31,48.16513657569886,-1.83486342430114,Other
LLaVA-NeXT,llava-next,14,0,50.0,-0.0,Other
LLaVA-NeXT,llava-next,14,1,49.770641326904304,-0.22935867309570002,Other
LLaVA-NeXT,llava-next,14,2,52.293577790260315,2.29357779026031,Other
LLaVA-NeXT,llava-next,14,3,58.256879448890686,8.25687944889068,Other
LLaVA-NeXT,llava-next,14,4,52.06421911716461,2.06421911716461,Other
LLaVA-NeXT,llava-next,14,5,54.12844121456146,4.128441214561461,Other
LLaVA-NeXT,llava-next,14,6,48.62385392189026,-1.37614607810974,Other
LLaVA-NeXT,llava-next,14,7,52.293577790260315,2.29357779026031,Other
LLaVA-NeXT,llava-next,14,8,41.05504751205445,-8.94495248794555,Other
LLaVA-NeXT,llava-next,14,9,49.311923980712905,-0.6880760192871,Other
LLaVA-NeXT,llava-next,14,10,41.97247624397278,-8.02752375602722,Other
LLaVA-NeXT,llava-next,14,11,55.96330165863037,5.963301658630369,Other
LLaVA-NeXT,llava-next,14,12,49.770641326904304,-0.22935867309570002,Other
LLaVA-NeXT,llava-next,14,13,52.293577790260315,2.29357779026031,Other
LLaVA-NeXT,llava-next,14,14,50.917431712150574,0.91743171215057,Other
LLaVA-NeXT,llava-next,14,15,45.41284441947937,-4.58715558052063,Other
LLaVA-NeXT,llava-next,14,16,50.68807303905487,0.68807303905487,Other
LLaVA-NeXT,llava-next,14,17,51.605504751205444,1.6055047512054401,Other
LLaVA-NeXT,llava-next,14,18,55.73394596576689,5.7339459657669,Other
LLaVA-NeXT,llava-next,14,19,46.33027315139771,-3.66972684860229,Other
LLaVA-NeXT,llava-next,14,20,48.85321259498597,-1.1467874050140299,Other
LLaVA-NeXT,llava-next,14,21,47.70641922950745,-2.2935807704925497,Other
LLaVA-NeXT,llava-next,14,22,50.2293586730957,0.22935867309570002,Other
LLaVA-NeXT,llava-next,14,23,49.770641326904304,-0.22935867309570002,Other
LLaVA-NeXT,llava-next,14,24,46.33027315139771,-3.66972684860229,Other
LLaVA-NeXT,llava-next,14,25,50.917431712150574,0.91743171215057,Other
LLaVA-NeXT,llava-next,14,26,44.95412707328797,-5.04587292671203,Other
LLaVA-NeXT,llava-next,14,27,50.0,-0.0,Other
LLaVA-NeXT,llava-next,14,28,44.49541568756104,-5.50458431243896,Other
LLaVA-NeXT,llava-next,14,29,45.18348574638367,-4.81651425361633,Other
LLaVA-NeXT,llava-next,14,30,56.192660331726074,6.19266033172607,Other
LLaVA-NeXT,llava-next,14,31,55.2752286195755,5.2752286195755,Other
LLaVA-NeXT,llava-next,15,0,44.49541568756104,-5.50458431243896,Other
LLaVA-NeXT,llava-next,15,1,37.15596199035645,-12.84403800964355,Other
LLaVA-NeXT,llava-next,15,2,46.100914478302016,-3.8990855216979896,Other
LLaVA-NeXT,llava-next,15,3,51.14679038524626,1.14679038524627,Other
LLaVA-NeXT,llava-next,15,4,49.311923980712905,-0.6880760192871,Other
LLaVA-NeXT,llava-next,15,5,57.110092043876634,7.11009204387664,Other
LLaVA-NeXT,llava-next,15,6,45.87156176567078,-4.12843823432922,Other
LLaVA-NeXT,llava-next,15,7,35.77981591224671,-14.22018408775329,Other
LLaVA-NeXT,llava-next,15,8,48.62385392189026,-1.37614607810974,Other
LLaVA-NeXT,llava-next,15,9,55.04587292671202,5.04587292671203,Other
LLaVA-NeXT,llava-next,15,10,49.770641326904304,-0.22935867309570002,Other
LLaVA-NeXT,llava-next,15,11,44.26605701446534,-5.73394298553466,Other
LLaVA-NeXT,llava-next,15,12,50.0,-0.0,Other
LLaVA-NeXT,llava-next,15,13,46.100914478302016,-3.8990855216979896,Other
LLaVA-NeXT,llava-next,15,14,49.770641326904304,-0.22935867309570002,Other
LLaVA-NeXT,llava-next,15,15,53.211009502410874,3.2110095024108802,Other
LLaVA-NeXT,llava-next,15,16,44.03669834136963,-5.963301658630369,Other
LLaVA-NeXT,llava-next,15,17,52.75229215621948,2.75229215621948,Other
LLaVA-NeXT,llava-next,15,18,55.2752286195755,5.2752286195755,Other
LLaVA-NeXT,llava-next,15,19,46.55963182449341,-3.4403681755065896,Other
LLaVA-NeXT,llava-next,15,20,46.788990497589126,-3.2110095024108802,Other
LLaVA-NeXT,llava-next,15,21,53.44036817550659,3.4403681755065896,Other
LLaVA-NeXT,llava-next,15,22,48.39449524879456,-1.6055047512054401,Other
LLaVA-NeXT,llava-next,15,23,54.12844121456146,4.128441214561461,Other
LLaVA-NeXT,llava-next,15,24,52.06421911716461,2.06421911716461,Other
LLaVA-NeXT,llava-next,15,25,44.95412707328797,-5.04587292671203,Other
LLaVA-NeXT,llava-next,15,26,48.16513657569886,-1.83486342430114,Other
LLaVA-NeXT,llava-next,15,27,42.66055226325989,-7.33944773674011,Other
LLaVA-NeXT,llava-next,15,28,54.35779690742491,4.35779690742492,Other
LLaVA-NeXT,llava-next,15,29,48.16513657569886,-1.83486342430114,Other
LLaVA-NeXT,llava-next,15,30,46.100914478302016,-3.8990855216979896,Other
LLaVA-NeXT,llava-next,15,31,51.37614607810974,1.37614607810974,Other
LLaVA-NeXT,llava-next,16,0,46.788990497589126,-3.2110095024108802,Other
LLaVA-NeXT,llava-next,16,1,44.03669834136963,-5.963301658630369,Other
LLaVA-NeXT,llava-next,16,2,61.697247624397264,11.697247624397269,Factual
LLaVA-NeXT,llava-next,16,3,49.08257126808167,-0.91742873191833,Other
LLaVA-NeXT,llava-next,16,4,46.788990497589126,-3.2110095024108802,Other
LLaVA-NeXT,llava-next,16,5,54.35779690742491,4.35779690742492,Other
LLaVA-NeXT,llava-next,16,6,56.65137469768524,6.65137469768524,Other
LLaVA-NeXT,llava-next,16,7,46.100914478302016,-3.8990855216979896,Other
LLaVA-NeXT,llava-next,16,8,47.01834917068482,-2.98165082931518,Other
LLaVA-NeXT,llava-next,16,9,57.798165082931504,7.798165082931511,Other
LLaVA-NeXT,llava-next,16,10,45.41284441947937,-4.58715558052063,Other
LLaVA-NeXT,llava-next,16,11,41.97247624397278,-8.02752375602722,Other
LLaVA-NeXT,llava-next,16,12,46.33027315139771,-3.66972684860229,Other
LLaVA-NeXT,llava-next,16,13,54.81651425361633,4.81651425361633,Other
LLaVA-NeXT,llava-next,16,14,43.57798099517823,-6.42201900482177,Other
LLaVA-NeXT,llava-next,16,15,50.917431712150574,0.91743171215057,Other
LLaVA-NeXT,llava-next,16,16,42.201834917068496,-7.798165082931511,Other
LLaVA-NeXT,llava-next,16,17,48.85321259498597,-1.1467874050140299,Other
LLaVA-NeXT,llava-next,16,18,50.68807303905487,0.68807303905487,Other
LLaVA-NeXT,llava-next,16,19,48.85321259498597,-1.1467874050140299,Other
LLaVA-NeXT,llava-next,16,20,51.14679038524626,1.14679038524627,Other
LLaVA-NeXT,llava-next,16,21,47.477066516876235,-2.52293348312377,Other
LLaVA-NeXT,llava-next,16,22,41.284406185150154,-8.71559381484985,Other
LLaVA-NeXT,llava-next,16,23,55.96330165863037,5.963301658630369,Other
LLaVA-NeXT,llava-next,16,24,52.522936463356004,2.52293646335601,Other
LLaVA-NeXT,llava-next,16,25,47.477066516876235,-2.52293348312377,Other
LLaVA-NeXT,llava-next,16,26,50.0,-0.0,Other
LLaVA-NeXT,llava-next,16,27,51.605504751205444,1.6055047512054401,Other
LLaVA-NeXT,llava-next,16,28,56.65137469768524,6.65137469768524,Other
LLaVA-NeXT,llava-next,16,29,38.9908254146576,-11.0091745853424,Other
LLaVA-NeXT,llava-next,16,30,46.788990497589126,-3.2110095024108802,Other
LLaVA-NeXT,llava-next,16,31,47.477066516876235,-2.52293348312377,Other
LLaVA-NeXT,llava-next,17,0,40.82568883895874,-9.17431116104126,Other
LLaVA-NeXT,llava-next,17,1,59.17431116104126,9.17431116104126,Other
LLaVA-NeXT,llava-next,17,2,53.44036817550659,3.4403681755065896,Other
LLaVA-NeXT,llava-next,17,3,44.03669834136963,-5.963301658630369,Other
LLaVA-NeXT,llava-next,17,4,52.293577790260315,2.29357779026031,Other
LLaVA-NeXT,llava-next,17,5,55.04587292671202,5.04587292671203,Other
LLaVA-NeXT,llava-next,17,6,54.35779690742491,4.35779690742492,Other
LLaVA-NeXT,llava-next,17,7,49.311923980712905,-0.6880760192871,Other
LLaVA-NeXT,llava-next,17,8,54.35779690742491,4.35779690742492,Other
LLaVA-NeXT,llava-next,17,9,50.2293586730957,0.22935867309570002,Other
LLaVA-NeXT,llava-next,17,10,48.85321259498597,-1.1467874050140299,Other
LLaVA-NeXT,llava-next,17,11,54.58715558052063,4.58715558052063,Other
LLaVA-NeXT,llava-next,17,12,52.981650829315186,2.98165082931518,Other
LLaVA-NeXT,llava-next,17,13,52.293577790260315,2.29357779026031,Other
LLaVA-NeXT,llava-next,17,14,42.889910936355605,-7.110089063644399,Other
LLaVA-NeXT,llava-next,17,15,51.14679038524626,1.14679038524627,Other
LLaVA-NeXT,llava-next,17,16,50.917431712150574,0.91743171215057,Other
LLaVA-NeXT,llava-next,17,17,46.55963182449341,-3.4403681755065896,Other
LLaVA-NeXT,llava-next,17,18,52.75229215621948,2.75229215621948,Other
LLaVA-NeXT,llava-next,17,19,60.550457239151,10.550457239151,Factual
LLaVA-NeXT,llava-next,17,20,58.71559679508209,8.715596795082089,Other
LLaVA-NeXT,llava-next,17,21,52.293577790260315,2.29357779026031,Other
LLaVA-NeXT,llava-next,17,22,50.2293586730957,0.22935867309570002,Other
LLaVA-NeXT,llava-next,17,23,52.75229215621948,2.75229215621948,Other
LLaVA-NeXT,llava-next,17,24,55.96330165863037,5.963301658630369,Other
LLaVA-NeXT,llava-next,17,25,45.41284441947937,-4.58715558052063,Other
LLaVA-NeXT,llava-next,17,26,53.44036817550659,3.4403681755065896,Other
LLaVA-NeXT,llava-next,17,27,52.06421911716461,2.06421911716461,Other
LLaVA-NeXT,llava-next,17,28,50.0,-0.0,Other
LLaVA-NeXT,llava-next,17,29,48.85321259498597,-1.1467874050140299,Other
LLaVA-NeXT,llava-next,17,30,48.85321259498597,-1.1467874050140299,Other
LLaVA-NeXT,llava-next,17,31,46.788990497589126,-3.2110095024108802,Other
LLaVA-NeXT,llava-next,18,0,49.770641326904304,-0.22935867309570002,Other
LLaVA-NeXT,llava-next,18,1,50.2293586730957,0.22935867309570002,Other
LLaVA-NeXT,llava-next,18,2,45.64220309257508,-4.35779690742492,Other
LLaVA-NeXT,llava-next,18,3,44.03669834136963,-5.963301658630369,Other
LLaVA-NeXT,llava-next,18,4,48.62385392189026,-1.37614607810974,Other
LLaVA-NeXT,llava-next,18,5,52.06421911716461,2.06421911716461,Other
LLaVA-NeXT,llava-next,18,6,51.14679038524626,1.14679038524627,Other
LLaVA-NeXT,llava-next,18,7,55.04587292671202,5.04587292671203,Other
LLaVA-NeXT,llava-next,18,8,50.917431712150574,0.91743171215057,Other
LLaVA-NeXT,llava-next,18,9,53.899082541465745,3.8990825414657504,Other
LLaVA-NeXT,llava-next,18,10,52.981650829315186,2.98165082931518,Other
LLaVA-NeXT,llava-next,18,11,54.58715558052063,4.58715558052063,Other
LLaVA-NeXT,llava-next,18,12,26.834863424301147,-23.16513657569885,Counterfactual
LLaVA-NeXT,llava-next,18,13,43.11926364898682,-6.880736351013179,Other
LLaVA-NeXT,llava-next,18,14,51.14679038524626,1.14679038524627,Other
LLaVA-NeXT,llava-next,18,15,55.504587292671204,5.5045872926712,Other
LLaVA-NeXT,llava-next,18,16,48.16513657569886,-1.83486342430114,Other
LLaVA-NeXT,llava-next,18,17,48.62385392189026,-1.37614607810974,Other
LLaVA-NeXT,llava-next,18,18,57.110092043876634,7.11009204387664,Other
LLaVA-NeXT,llava-next,18,19,41.74311757087708,-8.256882429122921,Other
LLaVA-NeXT,llava-next,18,20,52.522936463356004,2.52293646335601,Other
LLaVA-NeXT,llava-next,18,21,51.37614607810974,1.37614607810974,Other
LLaVA-NeXT,llava-next,18,22,50.45871436595915,0.45871436595916004,Other
LLaVA-NeXT,llava-next,18,23,50.0,-0.0,Other
LLaVA-NeXT,llava-next,18,24,49.5412826538086,-0.45871734619140003,Other
LLaVA-NeXT,llava-next,18,25,50.0,-0.0,Other
LLaVA-NeXT,llava-next,18,26,50.68807303905487,0.68807303905487,Other
LLaVA-NeXT,llava-next,18,27,49.08257126808167,-0.91742873191833,Other
LLaVA-NeXT,llava-next,18,28,47.93577790260315,-2.0642220973968497,Other
LLaVA-NeXT,llava-next,18,29,46.33027315139771,-3.66972684860229,Other
LLaVA-NeXT,llava-next,18,30,44.26605701446534,-5.73394298553466,Other
LLaVA-NeXT,llava-next,18,31,45.64220309257508,-4.35779690742492,Other
LLaVA-NeXT,llava-next,19,0,54.58715558052063,4.58715558052063,Other
LLaVA-NeXT,llava-next,19,1,50.2293586730957,0.22935867309570002,Other
LLaVA-NeXT,llava-next,19,2,51.83486342430113,1.83486342430114,Other
LLaVA-NeXT,llava-next,19,3,53.66972386837004,3.66972386837005,Other
LLaVA-NeXT,llava-next,19,4,40.36697149276734,-9.63302850723266,Other
LLaVA-NeXT,llava-next,19,5,37.614679336547866,-12.38532066345214,Other
LLaVA-NeXT,llava-next,19,6,46.788990497589126,-3.2110095024108802,Other
LLaVA-NeXT,llava-next,19,7,48.39449524879456,-1.6055047512054401,Other
LLaVA-NeXT,llava-next,19,8,30.96330165863037,-19.03669834136963,Counterfactual
LLaVA-NeXT,llava-next,19,9,22.706419229507453,-27.293580770492547,Counterfactual
LLaVA-NeXT,llava-next,19,10,69.03669834136963,19.03669834136963,Factual
LLaVA-NeXT,llava-next,19,11,41.05504751205445,-8.94495248794555,Other
LLaVA-NeXT,llava-next,19,12,41.284406185150154,-8.71559381484985,Other
LLaVA-NeXT,llava-next,19,13,54.35779690742491,4.35779690742492,Other
LLaVA-NeXT,llava-next,19,14,45.41284441947937,-4.58715558052063,Other
LLaVA-NeXT,llava-next,19,15,54.81651425361633,4.81651425361633,Other
LLaVA-NeXT,llava-next,19,16,40.82568883895874,-9.17431116104126,Other
LLaVA-NeXT,llava-next,19,17,53.44036817550659,3.4403681755065896,Other
LLaVA-NeXT,llava-next,19,18,40.59633016586304,-9.40366983413696,Other
LLaVA-NeXT,llava-next,19,19,61.00917458534239,11.0091745853424,Factual
LLaVA-NeXT,llava-next,19,20,47.24770784378052,-2.75229215621948,Other
LLaVA-NeXT,llava-next,19,21,48.62385392189026,-1.37614607810974,Other
LLaVA-NeXT,llava-next,19,22,47.477066516876235,-2.52293348312377,Other
LLaVA-NeXT,llava-next,19,23,50.0,-0.0,Other
LLaVA-NeXT,llava-next,19,24,46.100914478302016,-3.8990855216979896,Other
LLaVA-NeXT,llava-next,19,25,48.16513657569886,-1.83486342430114,Other
LLaVA-NeXT,llava-next,19,26,51.14679038524626,1.14679038524627,Other
LLaVA-NeXT,llava-next,19,27,54.58715558052063,4.58715558052063,Other
LLaVA-NeXT,llava-next,19,28,51.83486342430113,1.83486342430114,Other
LLaVA-NeXT,llava-next,19,29,39.678901433944716,-10.321098566055289,Other
LLaVA-NeXT,llava-next,19,30,33.027523756027236,-16.97247624397277,Other
LLaVA-NeXT,llava-next,19,31,50.45871436595915,0.45871436595916004,Other
LLaVA-NeXT,llava-next,20,0,52.981650829315186,2.98165082931518,Other
LLaVA-NeXT,llava-next,20,1,50.45871436595915,0.45871436595916004,Other
LLaVA-NeXT,llava-next,20,2,52.981650829315186,2.98165082931518,Other
LLaVA-NeXT,llava-next,20,3,48.39449524879456,-1.6055047512054401,Other
LLaVA-NeXT,llava-next,20,4,52.293577790260315,2.29357779026031,Other
LLaVA-NeXT,llava-next,20,5,48.16513657569886,-1.83486342430114,Other
LLaVA-NeXT,llava-next,20,6,40.36697149276734,-9.63302850723266,Other
LLaVA-NeXT,llava-next,20,7,51.14679038524626,1.14679038524627,Other
LLaVA-NeXT,llava-next,20,8,50.68807303905487,0.68807303905487,Other
LLaVA-NeXT,llava-next,20,9,47.93577790260315,-2.0642220973968497,Other
LLaVA-NeXT,llava-next,20,10,49.08257126808167,-0.91742873191833,Other
LLaVA-NeXT,llava-next,20,11,47.477066516876235,-2.52293348312377,Other
LLaVA-NeXT,llava-next,20,12,48.39449524879456,-1.6055047512054401,Other
LLaVA-NeXT,llava-next,20,13,55.73394596576689,5.7339459657669,Other
LLaVA-NeXT,llava-next,20,14,30.96330165863037,-19.03669834136963,Counterfactual
LLaVA-NeXT,llava-next,20,15,50.2293586730957,0.22935867309570002,Other
LLaVA-NeXT,llava-next,20,16,44.95412707328797,-5.04587292671203,Other
LLaVA-NeXT,llava-next,20,17,29.58715558052063,-20.41284441947937,Counterfactual
LLaVA-NeXT,llava-next,20,18,42.43119359016419,-7.56880640983581,Other
LLaVA-NeXT,llava-next,20,19,57.798165082931504,7.798165082931511,Other
LLaVA-NeXT,llava-next,20,20,61.00917458534239,11.0091745853424,Factual
LLaVA-NeXT,llava-next,20,21,37.614679336547866,-12.38532066345214,Other
LLaVA-NeXT,llava-next,20,22,65.13761579990387,15.13761579990387,Factual
LLaVA-NeXT,llava-next,20,23,35.09174585342409,-14.908254146575919,Other
LLaVA-NeXT,llava-next,20,24,52.293577790260315,2.29357779026031,Other
LLaVA-NeXT,llava-next,20,25,53.899082541465745,3.8990825414657504,Other
LLaVA-NeXT,llava-next,20,26,41.74311757087708,-8.256882429122921,Other
LLaVA-NeXT,llava-next,20,27,49.5412826538086,-0.45871734619140003,Other
LLaVA-NeXT,llava-next,20,28,34.633028507232666,-15.36697149276733,Other
LLaVA-NeXT,llava-next,20,29,57.568806409835815,7.56880640983581,Other
LLaVA-NeXT,llava-next,20,30,47.01834917068482,-2.98165082931518,Other
LLaVA-NeXT,llava-next,20,31,49.08257126808167,-0.91742873191833,Other
LLaVA-NeXT,llava-next,21,0,46.100914478302016,-3.8990855216979896,Other
LLaVA-NeXT,llava-next,21,1,50.45871436595915,0.45871436595916004,Other
LLaVA-NeXT,llava-next,21,2,45.18348574638367,-4.81651425361633,Other
LLaVA-NeXT,llava-next,21,3,46.33027315139771,-3.66972684860229,Other
LLaVA-NeXT,llava-next,21,4,44.49541568756104,-5.50458431243896,Other
LLaVA-NeXT,llava-next,21,5,46.33027315139771,-3.66972684860229,Other
LLaVA-NeXT,llava-next,21,6,63.532111048698425,13.53211104869842,Factual
LLaVA-NeXT,llava-next,21,7,28.669726848602302,-21.330273151397698,Counterfactual
LLaVA-NeXT,llava-next,21,8,50.917431712150574,0.91743171215057,Other
LLaVA-NeXT,llava-next,21,9,55.504587292671204,5.5045872926712,Other
LLaVA-NeXT,llava-next,21,10,52.293577790260315,2.29357779026031,Other
LLaVA-NeXT,llava-next,21,11,37.15596199035645,-12.84403800964355,Other
LLaVA-NeXT,llava-next,21,12,50.68807303905487,0.68807303905487,Other
LLaVA-NeXT,llava-next,21,13,54.12844121456146,4.128441214561461,Other
LLaVA-NeXT,llava-next,21,14,50.45871436595915,0.45871436595916004,Other
LLaVA-NeXT,llava-next,21,15,52.981650829315186,2.98165082931518,Other
LLaVA-NeXT,llava-next,21,16,48.39449524879456,-1.6055047512054401,Other
LLaVA-NeXT,llava-next,21,17,55.504587292671204,5.5045872926712,Other
LLaVA-NeXT,llava-next,21,18,46.100914478302016,-3.8990855216979896,Other
LLaVA-NeXT,llava-next,21,19,43.80733966827393,-6.19266033172607,Other
LLaVA-NeXT,llava-next,21,20,44.03669834136963,-5.963301658630369,Other
LLaVA-NeXT,llava-next,21,21,61.467888951301575,11.467888951301571,Factual
LLaVA-NeXT,llava-next,21,22,47.01834917068482,-2.98165082931518,Other
LLaVA-NeXT,llava-next,21,23,46.100914478302016,-3.8990855216979896,Other
LLaVA-NeXT,llava-next,21,24,47.477066516876235,-2.52293348312377,Other
LLaVA-NeXT,llava-next,21,25,48.85321259498597,-1.1467874050140299,Other
LLaVA-NeXT,llava-next,21,26,47.93577790260315,-2.0642220973968497,Other
LLaVA-NeXT,llava-next,21,27,48.39449524879456,-1.6055047512054401,Other
LLaVA-NeXT,llava-next,21,28,56.65137469768524,6.65137469768524,Other
LLaVA-NeXT,llava-next,21,29,46.33027315139771,-3.66972684860229,Other
LLaVA-NeXT,llava-next,21,30,52.293577790260315,2.29357779026031,Other
LLaVA-NeXT,llava-next,21,31,47.93577790260315,-2.0642220973968497,Other
LLaVA-NeXT,llava-next,22,0,54.81651425361633,4.81651425361633,Other
LLaVA-NeXT,llava-next,22,1,50.45871436595915,0.45871436595916004,Other
LLaVA-NeXT,llava-next,22,2,49.5412826538086,-0.45871734619140003,Other
LLaVA-NeXT,llava-next,22,3,51.37614607810974,1.37614607810974,Other
LLaVA-NeXT,llava-next,22,4,44.95412707328797,-5.04587292671203,Other
LLaVA-NeXT,llava-next,22,5,48.85321259498597,-1.1467874050140299,Other
LLaVA-NeXT,llava-next,22,6,46.100914478302016,-3.8990855216979896,Other
LLaVA-NeXT,llava-next,22,7,48.62385392189026,-1.37614607810974,Other
LLaVA-NeXT,llava-next,22,8,40.137612819671645,-9.86238718032836,Other
LLaVA-NeXT,llava-next,22,9,51.37614607810974,1.37614607810974,Other
LLaVA-NeXT,llava-next,22,10,53.44036817550659,3.4403681755065896,Other
LLaVA-NeXT,llava-next,22,11,51.14679038524626,1.14679038524627,Other
LLaVA-NeXT,llava-next,22,12,50.917431712150574,0.91743171215057,Other
LLaVA-NeXT,llava-next,22,13,50.68807303905487,0.68807303905487,Other
LLaVA-NeXT,llava-next,22,14,52.06421911716461,2.06421911716461,Other
LLaVA-NeXT,llava-next,22,15,46.33027315139771,-3.66972684860229,Other
LLaVA-NeXT,llava-next,22,16,46.100914478302016,-3.8990855216979896,Other
LLaVA-NeXT,llava-next,22,17,42.43119359016419,-7.56880640983581,Other
LLaVA-NeXT,llava-next,22,18,47.24770784378052,-2.75229215621948,Other
LLaVA-NeXT,llava-next,22,19,48.39449524879456,-1.6055047512054401,Other
LLaVA-NeXT,llava-next,22,20,38.30274939537049,-11.69725060462951,Other
LLaVA-NeXT,llava-next,22,21,57.798165082931504,7.798165082931511,Other
LLaVA-NeXT,llava-next,22,22,49.311923980712905,-0.6880760192871,Other
LLaVA-NeXT,llava-next,22,23,56.65137469768524,6.65137469768524,Other
LLaVA-NeXT,llava-next,22,24,47.477066516876235,-2.52293348312377,Other
LLaVA-NeXT,llava-next,22,25,50.45871436595915,0.45871436595916004,Other
LLaVA-NeXT,llava-next,22,26,48.39449524879456,-1.6055047512054401,Other
LLaVA-NeXT,llava-next,22,27,52.522936463356004,2.52293646335601,Other
LLaVA-NeXT,llava-next,22,28,50.2293586730957,0.22935867309570002,Other
LLaVA-NeXT,llava-next,22,29,60.779815912246704,10.7798159122467,Factual
LLaVA-NeXT,llava-next,22,30,40.82568883895874,-9.17431116104126,Other
LLaVA-NeXT,llava-next,22,31,47.93577790260315,-2.0642220973968497,Other
LLaVA-NeXT,llava-next,23,0,50.68807303905487,0.68807303905487,Other
LLaVA-NeXT,llava-next,23,1,48.85321259498597,-1.1467874050140299,Other
LLaVA-NeXT,llava-next,23,2,55.504587292671204,5.5045872926712,Other
LLaVA-NeXT,llava-next,23,3,46.55963182449341,-3.4403681755065896,Other
LLaVA-NeXT,llava-next,23,4,51.14679038524626,1.14679038524627,Other
LLaVA-NeXT,llava-next,23,5,48.85321259498597,-1.1467874050140299,Other
LLaVA-NeXT,llava-next,23,6,47.24770784378052,-2.75229215621948,Other
LLaVA-NeXT,llava-next,23,7,50.2293586730957,0.22935867309570002,Other
LLaVA-NeXT,llava-next,23,8,47.93577790260315,-2.0642220973968497,Other
LLaVA-NeXT,llava-next,23,9,53.44036817550659,3.4403681755065896,Other
LLaVA-NeXT,llava-next,23,10,48.16513657569886,-1.83486342430114,Other
LLaVA-NeXT,llava-next,23,11,50.917431712150574,0.91743171215057,Other
LLaVA-NeXT,llava-next,23,12,53.44036817550659,3.4403681755065896,Other
LLaVA-NeXT,llava-next,23,13,47.70641922950745,-2.2935807704925497,Other
LLaVA-NeXT,llava-next,23,14,56.880733370780945,6.88073337078094,Other
LLaVA-NeXT,llava-next,23,15,56.192660331726074,6.19266033172607,Other
LLaVA-NeXT,llava-next,23,16,49.770641326904304,-0.22935867309570002,Other
LLaVA-NeXT,llava-next,23,17,47.93577790260315,-2.0642220973968497,Other
LLaVA-NeXT,llava-next,23,18,51.605504751205444,1.6055047512054401,Other
LLaVA-NeXT,llava-next,23,19,53.211009502410874,3.2110095024108802,Other
LLaVA-NeXT,llava-next,23,20,43.80733966827393,-6.19266033172607,Other
LLaVA-NeXT,llava-next,23,21,47.93577790260315,-2.0642220973968497,Other
LLaVA-NeXT,llava-next,23,22,51.83486342430113,1.83486342430114,Other
LLaVA-NeXT,llava-next,23,23,53.899082541465745,3.8990825414657504,Other
LLaVA-NeXT,llava-next,23,24,49.5412826538086,-0.45871734619140003,Other
LLaVA-NeXT,llava-next,23,25,55.2752286195755,5.2752286195755,Other
LLaVA-NeXT,llava-next,23,26,50.2293586730957,0.22935867309570002,Other
LLaVA-NeXT,llava-next,23,27,52.522936463356004,2.52293646335601,Other
LLaVA-NeXT,llava-next,23,28,47.93577790260315,-2.0642220973968497,Other
LLaVA-NeXT,llava-next,23,29,45.64220309257508,-4.35779690742492,Other
LLaVA-NeXT,llava-next,23,30,51.37614607810974,1.37614607810974,Other
LLaVA-NeXT,llava-next,23,31,50.2293586730957,0.22935867309570002,Other
LLaVA-NeXT,llava-next,24,0,44.03669834136963,-5.963301658630369,Other
LLaVA-NeXT,llava-next,24,1,49.311923980712905,-0.6880760192871,Other
LLaVA-NeXT,llava-next,24,2,44.724768400192275,-5.27523159980773,Other
LLaVA-NeXT,llava-next,24,3,56.42201900482176,6.42201900482177,Other
LLaVA-NeXT,llava-next,24,4,41.284406185150154,-8.71559381484985,Other
LLaVA-NeXT,llava-next,24,5,33.71559381484986,-16.28440618515014,Other
LLaVA-NeXT,llava-next,24,6,50.2293586730957,0.22935867309570002,Other
LLaVA-NeXT,llava-next,24,7,50.68807303905487,0.68807303905487,Other
LLaVA-NeXT,llava-next,24,8,53.66972386837004,3.66972386837005,Other
LLaVA-NeXT,llava-next,24,9,50.0,-0.0,Other
LLaVA-NeXT,llava-next,24,10,56.42201900482176,6.42201900482177,Other
LLaVA-NeXT,llava-next,24,11,32.11008906364441,-17.88991093635559,Counterfactual
LLaVA-NeXT,llava-next,24,12,44.724768400192275,-5.27523159980773,Other
LLaVA-NeXT,llava-next,24,13,51.37614607810974,1.37614607810974,Other
LLaVA-NeXT,llava-next,24,14,51.83486342430113,1.83486342430114,Other
LLaVA-NeXT,llava-next,24,15,46.100914478302016,-3.8990855216979896,Other
LLaVA-NeXT,llava-next,24,16,51.605504751205444,1.6055047512054401,Other
LLaVA-NeXT,llava-next,24,17,49.08257126808167,-0.91742873191833,Other
LLaVA-NeXT,llava-next,24,18,46.788990497589126,-3.2110095024108802,Other
LLaVA-NeXT,llava-next,24,19,47.93577790260315,-2.0642220973968497,Other
LLaVA-NeXT,llava-next,24,20,58.486238121986375,8.48623812198638,Other
LLaVA-NeXT,llava-next,24,21,27.752292156219493,-22.24770784378051,Counterfactual
LLaVA-NeXT,llava-next,24,22,34.40366983413698,-15.596330165863028,Other
LLaVA-NeXT,llava-next,24,23,44.724768400192275,-5.27523159980773,Other
LLaVA-NeXT,llava-next,24,24,48.16513657569886,-1.83486342430114,Other
LLaVA-NeXT,llava-next,24,25,49.770641326904304,-0.22935867309570002,Other
LLaVA-NeXT,llava-next,24,26,46.55963182449341,-3.4403681755065896,Other
LLaVA-NeXT,llava-next,24,27,50.45871436595915,0.45871436595916004,Other
LLaVA-NeXT,llava-next,24,28,50.917431712150574,0.91743171215057,Other
LLaVA-NeXT,llava-next,24,29,49.5412826538086,-0.45871734619140003,Other
LLaVA-NeXT,llava-next,24,30,49.311923980712905,-0.6880760192871,Other
LLaVA-NeXT,llava-next,24,31,51.605504751205444,1.6055047512054401,Other
LLaVA-NeXT,llava-next,25,0,47.477066516876235,-2.52293348312377,Other
LLaVA-NeXT,llava-next,25,1,51.14679038524626,1.14679038524627,Other
LLaVA-NeXT,llava-next,25,2,55.2752286195755,5.2752286195755,Other
LLaVA-NeXT,llava-next,25,3,51.605504751205444,1.6055047512054401,Other
LLaVA-NeXT,llava-next,25,4,53.44036817550659,3.4403681755065896,Other
LLaVA-NeXT,llava-next,25,5,50.68807303905487,0.68807303905487,Other
LLaVA-NeXT,llava-next,25,6,47.477066516876235,-2.52293348312377,Other
LLaVA-NeXT,llava-next,25,7,49.08257126808167,-0.91742873191833,Other
LLaVA-NeXT,llava-next,25,8,56.65137469768524,6.65137469768524,Other
LLaVA-NeXT,llava-next,25,9,28.899085521697998,-21.100914478302,Counterfactual
LLaVA-NeXT,llava-next,25,10,33.94495248794556,-16.05504751205444,Other
LLaVA-NeXT,llava-next,25,11,62.61467933654785,12.614679336547848,Factual
LLaVA-NeXT,llava-next,25,12,51.83486342430113,1.83486342430114,Other
LLaVA-NeXT,llava-next,25,13,55.96330165863037,5.963301658630369,Other
LLaVA-NeXT,llava-next,25,14,42.201834917068496,-7.798165082931511,Other
LLaVA-NeXT,llava-next,25,15,34.633028507232666,-15.36697149276733,Other
LLaVA-NeXT,llava-next,25,16,44.95412707328797,-5.04587292671203,Other
LLaVA-NeXT,llava-next,25,17,49.770641326904304,-0.22935867309570002,Other
LLaVA-NeXT,llava-next,25,18,49.08257126808167,-0.91742873191833,Other
LLaVA-NeXT,llava-next,25,19,46.100914478302016,-3.8990855216979896,Other
LLaVA-NeXT,llava-next,25,20,45.64220309257508,-4.35779690742492,Other
LLaVA-NeXT,llava-next,25,21,47.93577790260315,-2.0642220973968497,Other
LLaVA-NeXT,llava-next,25,22,49.5412826538086,-0.45871734619140003,Other
LLaVA-NeXT,llava-next,25,23,47.24770784378052,-2.75229215621948,Other
LLaVA-NeXT,llava-next,25,24,45.87156176567078,-4.12843823432922,Other
LLaVA-NeXT,llava-next,25,25,49.5412826538086,-0.45871734619140003,Other
LLaVA-NeXT,llava-next,25,26,55.04587292671202,5.04587292671203,Other
LLaVA-NeXT,llava-next,25,27,47.24770784378052,-2.75229215621948,Other
LLaVA-NeXT,llava-next,25,28,51.14679038524626,1.14679038524627,Other
LLaVA-NeXT,llava-next,25,29,41.97247624397278,-8.02752375602722,Other
LLaVA-NeXT,llava-next,25,30,50.45871436595915,0.45871436595916004,Other
LLaVA-NeXT,llava-next,25,31,46.788990497589126,-3.2110095024108802,Other
LLaVA-NeXT,llava-next,26,0,50.0,-0.0,Other
LLaVA-NeXT,llava-next,26,1,49.770641326904304,-0.22935867309570002,Other
LLaVA-NeXT,llava-next,26,2,49.08257126808167,-0.91742873191833,Other
LLaVA-NeXT,llava-next,26,3,51.605504751205444,1.6055047512054401,Other
LLaVA-NeXT,llava-next,26,4,50.917431712150574,0.91743171215057,Other
LLaVA-NeXT,llava-next,26,5,50.2293586730957,0.22935867309570002,Other
LLaVA-NeXT,llava-next,26,6,38.76146674156189,-11.23853325843811,Other
LLaVA-NeXT,llava-next,26,7,55.2752286195755,5.2752286195755,Other
LLaVA-NeXT,llava-next,26,8,51.605504751205444,1.6055047512054401,Other
LLaVA-NeXT,llava-next,26,9,48.85321259498597,-1.1467874050140299,Other
LLaVA-NeXT,llava-next,26,10,45.64220309257508,-4.35779690742492,Other
LLaVA-NeXT,llava-next,26,11,56.880733370780945,6.88073337078094,Other
LLaVA-NeXT,llava-next,26,12,48.62385392189026,-1.37614607810974,Other
LLaVA-NeXT,llava-next,26,13,55.2752286195755,5.2752286195755,Other
LLaVA-NeXT,llava-next,26,14,44.03669834136963,-5.963301658630369,Other
LLaVA-NeXT,llava-next,26,15,48.16513657569886,-1.83486342430114,Other
LLaVA-NeXT,llava-next,26,16,52.522936463356004,2.52293646335601,Other
LLaVA-NeXT,llava-next,26,17,53.66972386837004,3.66972386837005,Other
LLaVA-NeXT,llava-next,26,18,48.62385392189026,-1.37614607810974,Other
LLaVA-NeXT,llava-next,26,19,52.75229215621948,2.75229215621948,Other
LLaVA-NeXT,llava-next,26,20,50.917431712150574,0.91743171215057,Other
LLaVA-NeXT,llava-next,26,21,51.14679038524626,1.14679038524627,Other
LLaVA-NeXT,llava-next,26,22,48.85321259498597,-1.1467874050140299,Other
LLaVA-NeXT,llava-next,26,23,49.770641326904304,-0.22935867309570002,Other
LLaVA-NeXT,llava-next,26,24,44.724768400192275,-5.27523159980773,Other
LLaVA-NeXT,llava-next,26,25,51.14679038524626,1.14679038524627,Other
LLaVA-NeXT,llava-next,26,26,53.899082541465745,3.8990825414657504,Other
LLaVA-NeXT,llava-next,26,27,44.724768400192275,-5.27523159980773,Other
LLaVA-NeXT,llava-next,26,28,45.64220309257508,-4.35779690742492,Other
LLaVA-NeXT,llava-next,26,29,52.06421911716461,2.06421911716461,Other
LLaVA-NeXT,llava-next,26,30,47.477066516876235,-2.52293348312377,Other
LLaVA-NeXT,llava-next,26,31,49.311923980712905,-0.6880760192871,Other
LLaVA-NeXT,llava-next,27,0,50.0,-0.0,Other
LLaVA-NeXT,llava-next,27,1,48.16513657569886,-1.83486342430114,Other
LLaVA-NeXT,llava-next,27,2,53.899082541465745,3.8990825414657504,Other
LLaVA-NeXT,llava-next,27,3,50.917431712150574,0.91743171215057,Other
LLaVA-NeXT,llava-next,27,4,51.83486342430113,1.83486342430114,Other
LLaVA-NeXT,llava-next,27,5,50.68807303905487,0.68807303905487,Other
LLaVA-NeXT,llava-next,27,6,46.788990497589126,-3.2110095024108802,Other
LLaVA-NeXT,llava-next,27,7,50.45871436595915,0.45871436595916004,Other
LLaVA-NeXT,llava-next,27,8,47.93577790260315,-2.0642220973968497,Other
LLaVA-NeXT,llava-next,27,9,49.08257126808167,-0.91742873191833,Other
LLaVA-NeXT,llava-next,27,10,47.01834917068482,-2.98165082931518,Other
LLaVA-NeXT,llava-next,27,11,48.85321259498597,-1.1467874050140299,Other
LLaVA-NeXT,llava-next,27,12,53.44036817550659,3.4403681755065896,Other
LLaVA-NeXT,llava-next,27,13,46.100914478302016,-3.8990855216979896,Other
LLaVA-NeXT,llava-next,27,14,46.33027315139771,-3.66972684860229,Other
LLaVA-NeXT,llava-next,27,15,52.522936463356004,2.52293646335601,Other
LLaVA-NeXT,llava-next,27,16,53.211009502410874,3.2110095024108802,Other
LLaVA-NeXT,llava-next,27,17,49.08257126808167,-0.91742873191833,Other
LLaVA-NeXT,llava-next,27,18,51.37614607810974,1.37614607810974,Other
LLaVA-NeXT,llava-next,27,19,55.04587292671202,5.04587292671203,Other
LLaVA-NeXT,llava-next,27,20,54.58715558052063,4.58715558052063,Other
LLaVA-NeXT,llava-next,27,21,48.85321259498597,-1.1467874050140299,Other
LLaVA-NeXT,llava-next,27,22,50.45871436595915,0.45871436595916004,Other
LLaVA-NeXT,llava-next,27,23,54.58715558052063,4.58715558052063,Other
LLaVA-NeXT,llava-next,27,24,52.522936463356004,2.52293646335601,Other
LLaVA-NeXT,llava-next,27,25,53.66972386837004,3.66972386837005,Other
LLaVA-NeXT,llava-next,27,26,50.917431712150574,0.91743171215057,Other
LLaVA-NeXT,llava-next,27,27,49.770641326904304,-0.22935867309570002,Other
LLaVA-NeXT,llava-next,27,28,46.55963182449341,-3.4403681755065896,Other
LLaVA-NeXT,llava-next,27,29,37.38532066345215,-12.614679336547848,Other
LLaVA-NeXT,llava-next,27,30,49.311923980712905,-0.6880760192871,Other
LLaVA-NeXT,llava-next,27,31,56.880733370780945,6.88073337078094,Other
LLaVA-NeXT,llava-next,28,0,62.155961990356445,12.15596199035644,Factual
LLaVA-NeXT,llava-next,28,1,50.0,-0.0,Other
LLaVA-NeXT,llava-next,28,2,55.96330165863037,5.963301658630369,Other
LLaVA-NeXT,llava-next,28,3,50.0,-0.0,Other
LLaVA-NeXT,llava-next,28,4,50.917431712150574,0.91743171215057,Other
LLaVA-NeXT,llava-next,28,5,55.504587292671204,5.5045872926712,Other
LLaVA-NeXT,llava-next,28,6,47.24770784378052,-2.75229215621948,Other
LLaVA-NeXT,llava-next,28,7,48.62385392189026,-1.37614607810974,Other
LLaVA-NeXT,llava-next,28,8,51.37614607810974,1.37614607810974,Other
LLaVA-NeXT,llava-next,28,9,47.477066516876235,-2.52293348312377,Other
LLaVA-NeXT,llava-next,28,10,47.24770784378052,-2.75229215621948,Other
LLaVA-NeXT,llava-next,28,11,52.06421911716461,2.06421911716461,Other
LLaVA-NeXT,llava-next,28,12,37.614679336547866,-12.38532066345214,Other
LLaVA-NeXT,llava-next,28,13,31.422019004821777,-18.57798099517822,Counterfactual
LLaVA-NeXT,llava-next,28,14,65.82568883895874,15.82568883895874,Factual
LLaVA-NeXT,llava-next,28,15,25.458717346191406,-24.54128265380859,Counterfactual
LLaVA-NeXT,llava-next,28,16,55.2752286195755,5.2752286195755,Other
LLaVA-NeXT,llava-next,28,17,52.522936463356004,2.52293646335601,Other
LLaVA-NeXT,llava-next,28,18,44.724768400192275,-5.27523159980773,Other
LLaVA-NeXT,llava-next,28,19,52.522936463356004,2.52293646335601,Other
LLaVA-NeXT,llava-next,28,20,52.522936463356004,2.52293646335601,Other
LLaVA-NeXT,llava-next,28,21,50.45871436595915,0.45871436595916004,Other
LLaVA-NeXT,llava-next,28,22,51.37614607810974,1.37614607810974,Other
LLaVA-NeXT,llava-next,28,23,47.93577790260315,-2.0642220973968497,Other
LLaVA-NeXT,llava-next,28,24,56.65137469768524,6.65137469768524,Other
LLaVA-NeXT,llava-next,28,25,41.513758897781386,-8.486241102218619,Other
LLaVA-NeXT,llava-next,28,26,43.57798099517823,-6.42201900482177,Other
LLaVA-NeXT,llava-next,28,27,49.770641326904304,-0.22935867309570002,Other
LLaVA-NeXT,llava-next,28,28,47.477066516876235,-2.52293348312377,Other
LLaVA-NeXT,llava-next,28,29,53.211009502410874,3.2110095024108802,Other
LLaVA-NeXT,llava-next,28,30,52.75229215621948,2.75229215621948,Other
LLaVA-NeXT,llava-next,28,31,46.33027315139771,-3.66972684860229,Other
LLaVA-NeXT,llava-next,29,0,67.88990795612335,17.88990795612335,Factual
LLaVA-NeXT,llava-next,29,1,56.880733370780945,6.88073337078094,Other
LLaVA-NeXT,llava-next,29,2,24.5412826538086,-25.4587173461914,Counterfactual
LLaVA-NeXT,llava-next,29,3,46.100914478302016,-3.8990855216979896,Other
LLaVA-NeXT,llava-next,29,4,50.2293586730957,0.22935867309570002,Other
LLaVA-NeXT,llava-next,29,5,49.5412826538086,-0.45871734619140003,Other
LLaVA-NeXT,llava-next,29,6,49.311923980712905,-0.6880760192871,Other
LLaVA-NeXT,llava-next,29,7,48.85321259498597,-1.1467874050140299,Other
LLaVA-NeXT,llava-next,29,8,37.614679336547866,-12.38532066345214,Other
LLaVA-NeXT,llava-next,29,9,54.35779690742491,4.35779690742492,Other
LLaVA-NeXT,llava-next,29,10,43.57798099517823,-6.42201900482177,Other
LLaVA-NeXT,llava-next,29,11,50.68807303905487,0.68807303905487,Other
LLaVA-NeXT,llava-next,29,12,22.706419229507453,-27.293580770492547,Counterfactual
LLaVA-NeXT,llava-next,29,13,69.03669834136963,19.03669834136963,Factual
LLaVA-NeXT,llava-next,29,14,24.31192398071289,-25.68807601928711,Counterfactual
LLaVA-NeXT,llava-next,29,15,72.70642220973969,22.706422209739678,Factual
LLaVA-NeXT,llava-next,29,16,39.2201840877533,-10.7798159122467,Other
LLaVA-NeXT,llava-next,29,17,47.477066516876235,-2.52293348312377,Other
LLaVA-NeXT,llava-next,29,18,44.95412707328797,-5.04587292671203,Other
LLaVA-NeXT,llava-next,29,19,47.24770784378052,-2.75229215621948,Other
LLaVA-NeXT,llava-next,29,20,47.70641922950745,-2.2935807704925497,Other
LLaVA-NeXT,llava-next,29,21,52.06421911716461,2.06421911716461,Other
LLaVA-NeXT,llava-next,29,22,45.87156176567078,-4.12843823432922,Other
LLaVA-NeXT,llava-next,29,23,55.04587292671202,5.04587292671203,Other
LLaVA-NeXT,llava-next,29,24,46.55963182449341,-3.4403681755065896,Other
LLaVA-NeXT,llava-next,29,25,46.33027315139771,-3.66972684860229,Other
LLaVA-NeXT,llava-next,29,26,45.64220309257508,-4.35779690742492,Other
LLaVA-NeXT,llava-next,29,27,49.311923980712905,-0.6880760192871,Other
LLaVA-NeXT,llava-next,29,28,50.45871436595915,0.45871436595916004,Other
LLaVA-NeXT,llava-next,29,29,48.16513657569886,-1.83486342430114,Other
LLaVA-NeXT,llava-next,29,30,48.16513657569886,-1.83486342430114,Other
LLaVA-NeXT,llava-next,29,31,43.34862232208252,-6.6513776779174805,Other
LLaVA-NeXT,llava-next,30,0,48.16513657569886,-1.83486342430114,Other
LLaVA-NeXT,llava-next,30,1,43.57798099517823,-6.42201900482177,Other
LLaVA-NeXT,llava-next,30,2,52.293577790260315,2.29357779026031,Other
LLaVA-NeXT,llava-next,30,3,57.568806409835815,7.56880640983581,Other
LLaVA-NeXT,llava-next,30,4,46.100914478302016,-3.8990855216979896,Other
LLaVA-NeXT,llava-next,30,5,50.68807303905487,0.68807303905487,Other
LLaVA-NeXT,llava-next,30,6,47.477066516876235,-2.52293348312377,Other
LLaVA-NeXT,llava-next,30,7,54.81651425361633,4.81651425361633,Other
LLaVA-NeXT,llava-next,30,8,47.70641922950745,-2.2935807704925497,Other
LLaVA-NeXT,llava-next,30,9,25.22935867309571,-24.77064132690429,Counterfactual
LLaVA-NeXT,llava-next,30,10,70.87155878543852,20.87155878543853,Factual
LLaVA-NeXT,llava-next,30,11,46.55963182449341,-3.4403681755065896,Other
LLaVA-NeXT,llava-next,30,12,52.522936463356004,2.52293646335601,Other
LLaVA-NeXT,llava-next,30,13,52.522936463356004,2.52293646335601,Other
LLaVA-NeXT,llava-next,30,14,50.2293586730957,0.22935867309570002,Other
LLaVA-NeXT,llava-next,30,15,51.14679038524626,1.14679038524627,Other
LLaVA-NeXT,llava-next,30,16,37.84403800964356,-12.15596199035644,Other
LLaVA-NeXT,llava-next,30,17,54.35779690742491,4.35779690742492,Other
LLaVA-NeXT,llava-next,30,18,40.36697149276734,-9.63302850723266,Other
LLaVA-NeXT,llava-next,30,19,56.65137469768524,6.65137469768524,Other
LLaVA-NeXT,llava-next,30,20,52.75229215621948,2.75229215621948,Other
LLaVA-NeXT,llava-next,30,21,47.01834917068482,-2.98165082931518,Other
LLaVA-NeXT,llava-next,30,22,46.788990497589126,-3.2110095024108802,Other
LLaVA-NeXT,llava-next,30,23,52.06421911716461,2.06421911716461,Other
LLaVA-NeXT,llava-next,30,24,55.504587292671204,5.5045872926712,Other
LLaVA-NeXT,llava-next,30,25,51.605504751205444,1.6055047512054401,Other
LLaVA-NeXT,llava-next,30,26,43.34862232208252,-6.6513776779174805,Other
LLaVA-NeXT,llava-next,30,27,51.37614607810974,1.37614607810974,Other
LLaVA-NeXT,llava-next,30,28,71.5596318244934,21.5596318244934,Factual
LLaVA-NeXT,llava-next,30,29,21.330273151397712,-28.669726848602288,Counterfactual
LLaVA-NeXT,llava-next,30,30,42.889910936355605,-7.110089063644399,Other
LLaVA-NeXT,llava-next,30,31,38.76146674156189,-11.23853325843811,Other
LLaVA-NeXT,llava-next,31,0,50.917431712150574,0.91743171215057,Other
LLaVA-NeXT,llava-next,31,1,47.01834917068482,-2.98165082931518,Other
LLaVA-NeXT,llava-next,31,2,48.62385392189026,-1.37614607810974,Other
LLaVA-NeXT,llava-next,31,3,48.62385392189026,-1.37614607810974,Other
LLaVA-NeXT,llava-next,31,4,36.926603317260756,-13.073396682739249,Other
LLaVA-NeXT,llava-next,31,5,54.58715558052063,4.58715558052063,Other
LLaVA-NeXT,llava-next,31,6,48.16513657569886,-1.83486342430114,Other
LLaVA-NeXT,llava-next,31,7,51.37614607810974,1.37614607810974,Other
LLaVA-NeXT,llava-next,31,8,51.37614607810974,1.37614607810974,Other
LLaVA-NeXT,llava-next,31,9,53.44036817550659,3.4403681755065896,Other
LLaVA-NeXT,llava-next,31,10,48.39449524879456,-1.6055047512054401,Other
LLaVA-NeXT,llava-next,31,11,53.211009502410874,3.2110095024108802,Other
LLaVA-NeXT,llava-next,31,12,55.96330165863037,5.963301658630369,Other
LLaVA-NeXT,llava-next,31,13,38.76146674156189,-11.23853325843811,Other
LLaVA-NeXT,llava-next,31,14,54.12844121456146,4.128441214561461,Other
LLaVA-NeXT,llava-next,31,15,54.81651425361633,4.81651425361633,Other
LLaVA-NeXT,llava-next,31,16,47.70641922950745,-2.2935807704925497,Other
LLaVA-NeXT,llava-next,31,17,58.256879448890686,8.25687944889068,Other
LLaVA-NeXT,llava-next,31,18,32.33944773674013,-17.66055226325988,Counterfactual
LLaVA-NeXT,llava-next,31,19,56.65137469768524,6.65137469768524,Other
LLaVA-NeXT,llava-next,31,20,77.75229215621948,27.752292156219482,Factual
LLaVA-NeXT,llava-next,31,21,53.66972386837004,3.66972386837005,Other
LLaVA-NeXT,llava-next,31,22,20.871561765670783,-29.128438234329217,Counterfactual
LLaVA-NeXT,llava-next,31,23,52.981650829315186,2.98165082931518,Other
LLaVA-NeXT,llava-next,31,24,37.15596199035645,-12.84403800964355,Other
LLaVA-NeXT,llava-next,31,25,32.11008906364441,-17.88991093635559,Counterfactual
LLaVA-NeXT,llava-next,31,26,64.2201840877533,14.22018408775329,Factual
LLaVA-NeXT,llava-next,31,27,31.422019004821777,-18.57798099517822,Counterfactual
LLaVA-NeXT,llava-next,31,28,51.605504751205444,1.6055047512054401,Other
LLaVA-NeXT,llava-next,31,29,48.39449524879456,-1.6055047512054401,Other
LLaVA-NeXT,llava-next,31,30,50.2293586730957,0.22935867309570002,Other
LLaVA-NeXT,llava-next,31,31,43.57798099517823,-6.42201900482177,Other
